,sol_0,sol_1,sol_2,sol_3,sol_4,sol_5,sol_6,sol_7,sol_8,sol_9,sol_10,sol_11,sol_12,sol_13,sol_14,sol_15,sol_16,sol_17,sol_18,sol_19,sol_20,sol_21,sol_22,sol_23,sol_24,sol_25,sol_26,sol_27,sol_28,sol_29,sol_30,sol_31,sol_32,sol_33,sol_34,sol_35,sol_36,sol_37,sol_38,sol_39,sol_40,sol_41,sol_42,sol_43,sol_44,sol_45,sol_46,sol_47,sol_48,sol_49
0,BKERSFLD_P2,BKERSFLD_P2,BKERSFLD_P2,BKERSFLD_P2,BKERSFLD_P2,BKERSFLD_P2,BKERSFLD_P2,BKERSFLD_P2,BKERSFLD_P2,BKERSFLD_P2,BKERSFLD_P2,BKERSFLD_P2,BKERSFLD_P2,BKERSFLD_P2,BKERSFLD_P2,BKERSFLD_P2,BKERSFLD_P2,BKERSFLD_P2,BKERSFLD_P2,BKERSFLD_P2,BKERSFLD_P2,BKERSFLD_P2,BKERSFLD_P2,BKERSFLD_P2,BKERSFLD_P2,BKERSFLD_P2,BKERSFLD_P2,BKERSFLD_P2,BKERSFLD_P2,BKERSFLD_P2,BKERSFLD_P2,BKERSFLD_P2,BKERSFLD_P2,BKERSFLD_P2,BKERSFLD_P2,BKERSFLD_P2,BKERSFLD_P2,BKERSFLD_P2,BKERSFLD_P2,BKERSFLD_P2,BKERSFLD_P2,BKERSFLD_P2,BKERSFLD_P2,BKERSFLD_P2,BKERSFLD_P2,BKERSFLD_P2,BKERSFLD_P2,BKERSFLD_P2,BKERSFLD_P2,BKERSFLD_P2
1,CCCSD_WWTP,CCCSD_WWTP,CCCSD_WWTP,CCCSD_WWTP,CCCSD_WWTP,CCCSD_WWTP,CCCSD_WWTP,CCCSD_WWTP,CCCSD_WWTP,CCCSD_WWTP,CCCSD_WWTP,CCCSD_WWTP,CCCSD_WWTP,CCCSD_WWTP,CCCSD_WWTP,CCCSD_WWTP,CCCSD_WWTP,CCCSD_WWTP,CCCSD_WWTP,CCCSD_WWTP,CCCSD_WWTP,CCCSD_WWTP,CCCSD_WWTP,CCCSD_WWTP,CCCSD_WWTP,CCCSD_WWTP,CCCSD_WWTP,CCCSD_WWTP,CCCSD_WWTP,CCCSD_WWTP,CCCSD_WWTP,CCCSD_WWTP,CCCSD_WWTP,CCCSD_WWTP,CCCSD_WWTP,CCCSD_WWTP,CCCSD_WWTP,CCCSD_WWTP,CCCSD_WWTP,CCCSD_WWTP,CCCSD_WWTP,CCCSD_WWTP,CCCSD_WWTP,CCCSD_WWTP,CCCSD_WWTP,CCCSD_WWTP,CCCSD_WWTP,CCCSD_WWTP,CCCSD_WWTP,CCCSD_WWTP
2,City of San Mateo & Estero M.I.D. Water Quality Control Plant,City of San Mateo & Estero M.I.D. Water Quality Control Plant,City of San Mateo & Estero M.I.D. Water Quality Control Plant,City of San Mateo & Estero M.I.D. Water Quality Control Plant,City of San Mateo & Estero M.I.D. Water Quality Control Plant,City of San Mateo & Estero M.I.D. Water Quality Control Plant,City of San Mateo & Estero M.I.D. Water Quality Control Plant,City of San Mateo & Estero M.I.D. Water Quality Control Plant,City of San Mateo & Estero M.I.D. Water Quality Control Plant,City of San Mateo & Estero M.I.D. Water Quality Control Plant,City of San Mateo & Estero M.I.D. Water Quality Control Plant,City of San Mateo & Estero M.I.D. Water Quality Control Plant,City of San Mateo & Estero M.I.D. Water Quality Control Plant,City of San Mateo & Estero M.I.D. Water Quality Control Plant,City of San Mateo & Estero M.I.D. Water Quality Control Plant,City of San Mateo & Estero M.I.D. Water Quality Control Plant,City of San Mateo & Estero M.I.D. Water Quality Control Plant,City of San Mateo & Estero M.I.D. Water Quality Control Plant,City of San Mateo & Estero M.I.D. Water Quality Control Plant,City of San Mateo & Estero M.I.D. Water Quality Control Plant,City of San Mateo & Estero M.I.D. Water Quality Control Plant,City of San Mateo & Estero M.I.D. Water Quality Control Plant,City of San Mateo & Estero M.I.D. Water Quality Control Plant,City of San Mateo & Estero M.I.D. Water Quality Control Plant,City of San Mateo & Estero M.I.D. Water Quality Control Plant,City of San Mateo & Estero M.I.D. Water Quality Control Plant,City of San Mateo & Estero M.I.D. Water Quality Control Plant,City of San Mateo & Estero M.I.D. Water Quality Control Plant,City of San Mateo & Estero M.I.D. Water Quality Control Plant,City of San Mateo & Estero M.I.D. Water Quality Control Plant,City of San Mateo & Estero M.I.D. Water Quality Control Plant,City of San Mateo & Estero M.I.D. Water Quality Control Plant,City of San Mateo & Estero M.I.D. Water Quality Control Plant,City of San Mateo & Estero M.I.D. Water Quality Control Plant,City of San Mateo & Estero M.I.D. Water Quality Control Plant,City of San Mateo & Estero M.I.D. Water Quality Control Plant,City of San Mateo & Estero M.I.D. Water Quality Control Plant,City of San Mateo & Estero M.I.D. Water Quality Control Plant,City of San Mateo & Estero M.I.D. Water Quality Control Plant,City of San Mateo & Estero M.I.D. Water Quality Control Plant,City of San Mateo & Estero M.I.D. Water Quality Control Plant,City of San Mateo & Estero M.I.D. Water Quality Control Plant,City of San Mateo & Estero M.I.D. Water Quality Control Plant,City of San Mateo & Estero M.I.D. Water Quality Control Plant,City of San Mateo & Estero M.I.D. Water Quality Control Plant,City of San Mateo & Estero M.I.D. Water Quality Control Plant,City of San Mateo & Estero M.I.D. Water Quality Control Plant,City of San Mateo & Estero M.I.D. Water Quality Control Plant,City of San Mateo & Estero M.I.D. Water Quality Control Plant,City of San Mateo & Estero M.I.D. Water Quality Control Plant
3,EBMUD,EBMUD,EBMUD,EBMUD,EBMUD,EBMUD,EBMUD,EBMUD,EBMUD,EBMUD,EBMUD,EBMUD,EBMUD,EBMUD,EBMUD,EBMUD,EBMUD,EBMUD,EBMUD,EBMUD,EBMUD,EBMUD,EBMUD,EBMUD,EBMUD,EBMUD,EBMUD,EBMUD,EBMUD,EBMUD,EBMUD,EBMUD,EBMUD,EBMUD,EBMUD,EBMUD,EBMUD,EBMUD,EBMUD,EBMUD,EBMUD,EBMUD,EBMUD,EBMUD,EBMUD,EBMUD,EBMUD,EBMUD,EBMUD,EBMUD
4,City of Santa Cruz WTF - City Influent,City of Santa Cruz WTF - City Influent,City of Santa Cruz WTF - City Influent,City of Santa Cruz WTF - City Influent,City of Santa Cruz WTF - City Influent,City of Santa Cruz WTF - City Influent,City of Santa Cruz WTF - City Influent,City of Santa Cruz WTF - City Influent,City of Santa Cruz WTF - City Influent,City of Santa Cruz WTF - City Influent,City of Santa Cruz WTF - City Influent,City of Santa Cruz WTF - City Influent,City of Santa Cruz WTF - City Influent,City of Santa Cruz WTF - City Influent,City of Santa Cruz WTF - City Influent,City of Santa Cruz WTF - City Influent,City of Santa Cruz WTF - City Influent,City of Santa Cruz WTF - City Influent,City of Santa Cruz WTF - City Influent,City of Santa Cruz WTF - City Influent,City of Santa Cruz WTF - City Influent,City of Santa Cruz WTF - City Influent,City of Santa Cruz WTF - City Influent,City of Santa Cruz WTF - City Influent,City of Santa Cruz WTF - City Influent,City of Santa Cruz WTF - City Influent,City of Santa Cruz WTF - City Influent,City of Santa Cruz WTF - City Influent,City of Santa Cruz WTF - City Influent,City of Santa Cruz WTF - City Influent,City of Santa Cruz WTF - City Influent,City of Santa Cruz WTF - City Influent,City of Santa Cruz WTF - City Influent,City of Santa Cruz WTF - City Influent,City of Santa Cruz WTF - City Influent,City of Santa Cruz WTF - City Influent,City of Santa Cruz WTF - City Influent,City of Santa Cruz WTF - City Influent,City of Santa Cruz WTF - City Influent,City of Santa Cruz WTF - City Influent,City of Santa Cruz WTF - City Influent,City of Santa Cruz WTF - City Influent,City of Santa Cruz WTF - City Influent,City of Santa Cruz WTF - City Influent,City of Santa Cruz WTF - City Influent,City of Santa Cruz WTF - City Influent,City of Santa Cruz WTF - City Influent,City of Santa Cruz WTF - City Influent,City of Santa Cruz WTF - City Influent,City of Santa Cruz WTF - City Influent
5,City of Santa Cruz WTF - County Influent,City of Santa Cruz WTF - County Influent,City of Santa Cruz WTF - County Influent,City of Santa Cruz WTF - County Influent,City of Santa Cruz WTF - County Influent,City of Santa Cruz WTF - County Influent,City of Santa Cruz WTF - County Influent,City of Santa Cruz WTF - County Influent,City of Santa Cruz WTF - County Influent,City of Santa Cruz WTF - County Influent,City of Santa Cruz WTF - County Influent,City of Santa Cruz WTF - County Influent,City of Santa Cruz WTF - County Influent,City of Santa Cruz WTF - County Influent,City of Santa Cruz WTF - County Influent,City of Santa Cruz WTF - County Influent,City of Santa Cruz WTF - County Influent,City of Santa Cruz WTF - County Influent,City of Santa Cruz WTF - County Influent,City of Santa Cruz WTF - County Influent,City of Santa Cruz WTF - County Influent,City of Santa Cruz WTF - County Influent,City of Santa Cruz WTF - County Influent,City of Santa Cruz WTF - County Influent,City of Santa Cruz WTF - County Influent,City of Santa Cruz WTF - County Influent,City of Santa Cruz WTF - County Influent,City of Santa Cruz WTF - County Influent,City of Santa Cruz WTF - County Influent,City of Santa Cruz WTF - County Influent,City of Santa Cruz WTF - County Influent,City of Santa Cruz WTF - County Influent,City of Santa Cruz WTF - County Influent,City of Santa Cruz WTF - County Influent,City of Santa Cruz WTF - County Influent,City of Santa Cruz WTF - County Influent,City of Santa Cruz WTF - County Influent,City of Santa Cruz WTF - County Influent,City of Santa Cruz WTF - County Influent,City of Santa Cruz WTF - County Influent,City of Santa Cruz WTF - County Influent,City of Santa Cruz WTF - County Influent,City of Santa Cruz WTF - County Influent,City of Santa Cruz WTF - County Influent,City of Santa Cruz WTF - County Influent,City of Santa Cruz WTF - County Influent,City of Santa Cruz WTF - County Influent,City of Santa Cruz WTF - County Influent,City of Santa Cruz WTF - County Influent,City of Santa Cruz WTF - County Influent
6,Watsonville_WWTP,Watsonville_WWTP,Watsonville_WWTP,Watsonville_WWTP,Watsonville_WWTP,Watsonville_WWTP,Watsonville_WWTP,Watsonville_WWTP,Watsonville_WWTP,Watsonville_WWTP,Watsonville_WWTP,Watsonville_WWTP,Watsonville_WWTP,Watsonville_WWTP,Watsonville_WWTP,Watsonville_WWTP,Watsonville_WWTP,Watsonville_WWTP,Watsonville_WWTP,Watsonville_WWTP,Watsonville_WWTP,Watsonville_WWTP,Watsonville_WWTP,Watsonville_WWTP,Watsonville_WWTP,Watsonville_WWTP,Watsonville_WWTP,Watsonville_WWTP,Watsonville_WWTP,Watsonville_WWTP,Watsonville_WWTP,Watsonville_WWTP,Watsonville_WWTP,Watsonville_WWTP,Watsonville_WWTP,Watsonville_WWTP,Watsonville_WWTP,Watsonville_WWTP,Watsonville_WWTP,Watsonville_WWTP,Watsonville_WWTP,Watsonville_WWTP,Watsonville_WWTP,Watsonville_WWTP,Watsonville_WWTP,Watsonville_WWTP,Watsonville_WWTP,Watsonville_WWTP,Watsonville_WWTP,Watsonville_WWTP
7,"City of Santa Rosa, Laguna Treatment Plant","City of Santa Rosa, Laguna Treatment Plant","City of Santa Rosa, Laguna Treatment Plant","City of Santa Rosa, Laguna Treatment Plant","City of Santa Rosa, Laguna Treatment Plant","City of Santa Rosa, Laguna Treatment Plant","City of Santa Rosa, Laguna Treatment Plant","City of Santa Rosa, Laguna Treatment Plant","City of Santa Rosa, Laguna Treatment Plant","City of Santa Rosa, Laguna Treatment Plant","City of Santa Rosa, Laguna Treatment Plant","City of Santa Rosa, Laguna Treatment Plant","City of Santa Rosa, Laguna Treatment Plant","City of Santa Rosa, Laguna Treatment Plant","City of Santa Rosa, Laguna Treatment Plant","City of Santa Rosa, Laguna Treatment Plant","City of Santa Rosa, Laguna Treatment Plant","City of Santa Rosa, Laguna Treatment Plant","City of Santa Rosa, Laguna Treatment Plant","City of Santa Rosa, Laguna Treatment Plant","City of Santa Rosa, Laguna Treatment Plant","City of Santa Rosa, Laguna Treatment Plant","City of Santa Rosa, Laguna Treatment Plant","City of Santa Rosa, Laguna Treatment Plant","City of Santa Rosa, Laguna Treatment Plant","City of Santa Rosa, Laguna Treatment Plant","City of Santa Rosa, Laguna Treatment Plant","City of Santa Rosa, Laguna Treatment Plant","City of Santa Rosa, Laguna Treatment Plant","City of Santa Rosa, Laguna Treatment Plant","City of Santa Rosa, Laguna Treatment Plant","City of Santa Rosa, Laguna Treatment Plant","City of Santa Rosa, Laguna Treatment Plant","City of Santa Rosa, Laguna Treatment Plant","City of Santa Rosa, Laguna Treatment Plant","City of Santa Rosa, Laguna Treatment Plant","City of Santa Rosa, Laguna Treatment Plant","City of Santa Rosa, Laguna Treatment Plant","City of Santa Rosa, Laguna Treatment Plant","City of Santa Rosa, Laguna Treatment Plant","City of Santa Rosa, Laguna Treatment Plant","City of Santa Rosa, Laguna Treatment Plant","City of Santa Rosa, Laguna Treatment Plant","City of Santa Rosa, Laguna Treatment Plant","City of Santa Rosa, Laguna Treatment Plant","City of Santa Rosa, Laguna Treatment Plant","City of Santa Rosa, Laguna Treatment Plant","City of Santa Rosa, Laguna Treatment Plant","City of Santa Rosa, Laguna Treatment Plant","City of Santa Rosa, Laguna Treatment Plant"
8,City of Turlock Regional Water Quality Control Facility,City of Turlock Regional Water Quality Control Facility,City of Turlock Regional Water Quality Control Facility,City of Turlock Regional Water Quality Control Facility,City of Turlock Regional Water Quality Control Facility,City of Turlock Regional Water Quality Control Facility,City of Turlock Regional Water Quality Control Facility,City of Turlock Regional Water Quality Control Facility,City of Turlock Regional Water Quality Control Facility,City of Turlock Regional Water Quality Control Facility,City of Turlock Regional Water Quality Control Facility,City of Turlock Regional Water Quality Control Facility,City of Turlock Regional Water Quality Control Facility,City of Turlock Regional Water Quality Control Facility,City of Turlock Regional Water Quality Control Facility,City of Turlock Regional Water Quality Control Facility,City of Turlock Regional Water Quality Control Facility,City of Turlock Regional Water Quality Control Facility,City of Turlock Regional Water Quality Control Facility,City of Turlock Regional Water Quality Control Facility,City of Turlock Regional Water Quality Control Facility,City of Turlock Regional Water Quality Control Facility,City of Turlock Regional Water Quality Control Facility,City of Turlock Regional Water Quality Control Facility,City of Turlock Regional Water Quality Control Facility,City of Turlock Regional Water Quality Control Facility,City of Turlock Regional Water Quality Control Facility,City of Turlock Regional Water Quality Control Facility,City of Turlock Regional Water Quality Control Facility,City of Turlock Regional Water Quality Control Facility,City of Turlock Regional Water Quality Control Facility,City of Turlock Regional Water Quality Control Facility,City of Turlock Regional Water Quality Control Facility,City of Turlock Regional Water Quality Control Facility,City of Turlock Regional Water Quality Control Facility,City of Turlock Regional Water Quality Control Facility,City of Turlock Regional Water Quality Control Facility,City of Turlock Regional Water Quality Control Facility,City of Turlock Regional Water Quality Control Facility,City of Turlock Regional Water Quality Control Facility,City of Turlock Regional Water Quality Control Facility,City of Turlock Regional Water Quality Control Facility,City of Turlock Regional Water Quality Control Facility,City of Turlock Regional Water Quality Control Facility,City of Turlock Regional Water Quality Control Facility,City of Turlock Regional Water Quality Control Facility,City of Turlock Regional Water Quality Control Facility,City of Turlock Regional Water Quality Control Facility,City of Turlock Regional Water Quality Control Facility,City of Turlock Regional Water Quality Control Facility
9,Modesto Wastewater Primary Treatment Facility,Modesto Wastewater Primary Treatment Facility,Modesto Wastewater Primary Treatment Facility,Modesto Wastewater Primary Treatment Facility,Modesto Wastewater Primary Treatment Facility,Modesto Wastewater Primary Treatment Facility,Modesto Wastewater Primary Treatment Facility,Modesto Wastewater Primary Treatment Facility,Modesto Wastewater Primary Treatment Facility,Modesto Wastewater Primary Treatment Facility,Modesto Wastewater Primary Treatment Facility,Modesto Wastewater Primary Treatment Facility,Modesto Wastewater Primary Treatment Facility,Modesto Wastewater Primary Treatment Facility,Modesto Wastewater Primary Treatment Facility,Modesto Wastewater Primary Treatment Facility,Modesto Wastewater Primary Treatment Facility,Modesto Wastewater Primary Treatment Facility,Modesto Wastewater Primary Treatment Facility,Modesto Wastewater Primary Treatment Facility,Modesto Wastewater Primary Treatment Facility,Modesto Wastewater Primary Treatment Facility,Modesto Wastewater Primary Treatment Facility,Modesto Wastewater Primary Treatment Facility,Modesto Wastewater Primary Treatment Facility,Modesto Wastewater Primary Treatment Facility,Modesto Wastewater Primary Treatment Facility,Modesto Wastewater Primary Treatment Facility,Modesto Wastewater Primary Treatment Facility,Modesto Wastewater Primary Treatment Facility,Modesto Wastewater Primary Treatment Facility,Modesto Wastewater Primary Treatment Facility,Modesto Wastewater Primary Treatment Facility,Modesto Wastewater Primary Treatment Facility,Modesto Wastewater Primary Treatment Facility,Modesto Wastewater Primary Treatment Facility,Modesto Wastewater Primary Treatment Facility,Modesto Wastewater Primary Treatment Facility,Modesto Wastewater Primary Treatment Facility,Modesto Wastewater Primary Treatment Facility,Modesto Wastewater Primary Treatment Facility,Modesto Wastewater Primary Treatment Facility,Modesto Wastewater Primary Treatment Facility,Modesto Wastewater Primary Treatment Facility,Modesto Wastewater Primary Treatment Facility,Modesto Wastewater Primary Treatment Facility,Modesto Wastewater Primary Treatment Facility,Modesto Wastewater Primary Treatment Facility,Modesto Wastewater Primary Treatment Facility,Modesto Wastewater Primary Treatment Facility
10,Regional Water Recycling Plant No.1 (RP-1),Regional Water Recycling Plant No.1 (RP-1),Regional Water Recycling Plant No.1 (RP-1),Regional Water Recycling Plant No.1 (RP-1),Regional Water Recycling Plant No.1 (RP-1),Regional Water Recycling Plant No.1 (RP-1),Regional Water Recycling Plant No.1 (RP-1),Regional Water Recycling Plant No.1 (RP-1),Regional Water Recycling Plant No.1 (RP-1),Regional Water Recycling Plant No.1 (RP-1),Regional Water Recycling Plant No.1 (RP-1),Regional Water Recycling Plant No.1 (RP-1),Regional Water Recycling Plant No.1 (RP-1),Regional Water Recycling Plant No.1 (RP-1),Regional Water Recycling Plant No.1 (RP-1),Regional Water Recycling Plant No.1 (RP-1),Regional Water Recycling Plant No.1 (RP-1),Regional Water Recycling Plant No.1 (RP-1),Regional Water Recycling Plant No.1 (RP-1),Regional Water Recycling Plant No.1 (RP-1),Regional Water Recycling Plant No.1 (RP-1),Regional Water Recycling Plant No.1 (RP-1),Regional Water Recycling Plant No.1 (RP-1),Regional Water Recycling Plant No.1 (RP-1),Regional Water Recycling Plant No.1 (RP-1),Regional Water Recycling Plant No.1 (RP-1),Regional Water Recycling Plant No.1 (RP-1),Regional Water Recycling Plant No.1 (RP-1),Regional Water Recycling Plant No.1 (RP-1),Regional Water Recycling Plant No.1 (RP-1),Regional Water Recycling Plant No.1 (RP-1),Regional Water Recycling Plant No.1 (RP-1),Regional Water Recycling Plant No.1 (RP-1),Regional Water Recycling Plant No.1 (RP-1),Regional Water Recycling Plant No.1 (RP-1),Regional Water Recycling Plant No.1 (RP-1),Regional Water Recycling Plant No.1 (RP-1),Regional Water Recycling Plant No.1 (RP-1),Regional Water Recycling Plant No.1 (RP-1),Regional Water Recycling Plant No.1 (RP-1),Regional Water Recycling Plant No.1 (RP-1),Regional Water Recycling Plant No.1 (RP-1),Regional Water Recycling Plant No.1 (RP-1),Regional Water Recycling Plant No.1 (RP-1),Regional Water Recycling Plant No.1 (RP-1),Regional Water Recycling Plant No.1 (RP-1),Regional Water Recycling Plant No.1 (RP-1),Regional Water Recycling Plant No.1 (RP-1),Regional Water Recycling Plant No.1 (RP-1),Regional Water Recycling Plant No.1 (RP-1)
11,SBMWD_WWRF,SBMWD_WWRF,SBMWD_WWRF,SBMWD_WWRF,SBMWD_WWRF,SBMWD_WWRF,SBMWD_WWRF,SBMWD_WWRF,SBMWD_WWRF,SBMWD_WWRF,SBMWD_WWRF,SBMWD_WWRF,SBMWD_WWRF,SBMWD_WWRF,SBMWD_WWRF,SBMWD_WWRF,SBMWD_WWRF,SBMWD_WWRF,SBMWD_WWRF,SBMWD_WWRF,SBMWD_WWRF,SBMWD_WWRF,SBMWD_WWRF,SBMWD_WWRF,SBMWD_WWRF,SBMWD_WWRF,SBMWD_WWRF,SBMWD_WWRF,SBMWD_WWRF,SBMWD_WWRF,SBMWD_WWRF,SBMWD_WWRF,SBMWD_WWRF,SBMWD_WWRF,SBMWD_WWRF,SBMWD_WWRF,SBMWD_WWRF,SBMWD_WWRF,SBMWD_WWRF,SBMWD_WWRF,SBMWD_WWRF,SBMWD_WWRF,SBMWD_WWRF,SBMWD_WWRF,SBMWD_WWRF,SBMWD_WWRF,SBMWD_WWRF,SBMWD_WWRF,SBMWD_WWRF,SBMWD_WWRF
12,Coastal Treatment Plant,Coastal Treatment Plant,Coastal Treatment Plant,Coastal Treatment Plant,Coastal Treatment Plant,Coastal Treatment Plant,Coastal Treatment Plant,Coastal Treatment Plant,Coastal Treatment Plant,Coastal Treatment Plant,Coastal Treatment Plant,Coastal Treatment Plant,Coastal Treatment Plant,Coastal Treatment Plant,Coastal Treatment Plant,Coastal Treatment Plant,Coastal Treatment Plant,Coastal Treatment Plant,Coastal Treatment Plant,Coastal Treatment Plant,Coastal Treatment Plant,Coastal Treatment Plant,Coastal Treatment Plant,Coastal Treatment Plant,Coastal Treatment Plant,Coastal Treatment Plant,Coastal Treatment Plant,Coastal Treatment Plant,Coastal Treatment Plant,Coastal Treatment Plant,Coastal Treatment Plant,Coastal Treatment Plant,Coastal Treatment Plant,Coastal Treatment Plant,Coastal Treatment Plant,Coastal Treatment Plant,Coastal Treatment Plant,Coastal Treatment Plant,Coastal Treatment Plant,Coastal Treatment Plant,Coastal Treatment Plant,Coastal Treatment Plant,Coastal Treatment Plant,Coastal Treatment Plant,Coastal Treatment Plant,Coastal Treatment Plant,Coastal Treatment Plant,Coastal Treatment Plant,Coastal Treatment Plant,Coastal Treatment Plant
13,Regional Treatment Plant,Regional Treatment Plant,Regional Treatment Plant,Regional Treatment Plant,Regional Treatment Plant,Regional Treatment Plant,Regional Treatment Plant,Regional Treatment Plant,Regional Treatment Plant,Regional Treatment Plant,Regional Treatment Plant,Regional Treatment Plant,Regional Treatment Plant,Regional Treatment Plant,Regional Treatment Plant,Regional Treatment Plant,Regional Treatment Plant,Regional Treatment Plant,Regional Treatment Plant,Regional Treatment Plant,Regional Treatment Plant,Regional Treatment Plant,Regional Treatment Plant,Regional Treatment Plant,Regional Treatment Plant,Regional Treatment Plant,Regional Treatment Plant,Regional Treatment Plant,Regional Treatment Plant,Regional Treatment Plant,Regional Treatment Plant,Regional Treatment Plant,Regional Treatment Plant,Regional Treatment Plant,Regional Treatment Plant,Regional Treatment Plant,Regional Treatment Plant,Regional Treatment Plant,Regional Treatment Plant,Regional Treatment Plant,Regional Treatment Plant,Regional Treatment Plant,Regional Treatment Plant,Regional Treatment Plant,Regional Treatment Plant,Regional Treatment Plant,Regional Treatment Plant,Regional Treatment Plant,Regional Treatment Plant,Regional Treatment Plant
14,JB Latham Treatment Plant,JB Latham Treatment Plant,JB Latham Treatment Plant,JB Latham Treatment Plant,JB Latham Treatment Plant,JB Latham Treatment Plant,JB Latham Treatment Plant,JB Latham Treatment Plant,JB Latham Treatment Plant,JB Latham Treatment Plant,JB Latham Treatment Plant,JB Latham Treatment Plant,JB Latham Treatment Plant,JB Latham Treatment Plant,JB Latham Treatment Plant,JB Latham Treatment Plant,JB Latham Treatment Plant,JB Latham Treatment Plant,JB Latham Treatment Plant,JB Latham Treatment Plant,JB Latham Treatment Plant,JB Latham Treatment Plant,JB Latham Treatment Plant,JB Latham Treatment Plant,JB Latham Treatment Plant,JB Latham Treatment Plant,JB Latham Treatment Plant,JB Latham Treatment Plant,JB Latham Treatment Plant,JB Latham Treatment Plant,JB Latham Treatment Plant,JB Latham Treatment Plant,JB Latham Treatment Plant,JB Latham Treatment Plant,JB Latham Treatment Plant,JB Latham Treatment Plant,JB Latham Treatment Plant,JB Latham Treatment Plant,JB Latham Treatment Plant,JB Latham Treatment Plant,JB Latham Treatment Plant,JB Latham Treatment Plant,JB Latham Treatment Plant,JB Latham Treatment Plant,JB Latham Treatment Plant,JB Latham Treatment Plant,JB Latham Treatment Plant,JB Latham Treatment Plant,JB Latham Treatment Plant,JB Latham Treatment Plant
15,OCSD_P1,OCSD_P1,OCSD_P1,OCSD_P1,OCSD_P1,OCSD_P1,OCSD_P1,OCSD_P1,OCSD_P1,OCSD_P1,OCSD_P1,OCSD_P1,OCSD_P1,OCSD_P1,OCSD_P1,OCSD_P1,OCSD_P1,OCSD_P1,OCSD_P1,OCSD_P1,OCSD_P1,OCSD_P1,OCSD_P1,OCSD_P1,OCSD_P1,OCSD_P1,OCSD_P1,OCSD_P1,OCSD_P1,OCSD_P1,OCSD_P1,OCSD_P1,OCSD_P1,OCSD_P1,OCSD_P1,OCSD_P1,OCSD_P1,OCSD_P1,OCSD_P1,OCSD_P1,OCSD_P1,OCSD_P1,OCSD_P1,OCSD_P1,OCSD_P1,OCSD_P1,OCSD_P1,OCSD_P1,OCSD_P1,OCSD_P1
16,Davis_WWTP,Davis_WWTP,Davis_WWTP,Davis_WWTP,Davis_WWTP,Davis_WWTP,Davis_WWTP,Davis_WWTP,Davis_WWTP,Davis_WWTP,Davis_WWTP,Davis_WWTP,Davis_WWTP,Davis_WWTP,Davis_WWTP,Davis_WWTP,Davis_WWTP,Davis_WWTP,Davis_WWTP,Davis_WWTP,Davis_WWTP,Davis_WWTP,Davis_WWTP,Davis_WWTP,Davis_WWTP,Davis_WWTP,Davis_WWTP,Davis_WWTP,Davis_WWTP,Davis_WWTP,Davis_WWTP,Davis_WWTP,Davis_WWTP,Davis_WWTP,Davis_WWTP,Davis_WWTP,Davis_WWTP,Davis_WWTP,Davis_WWTP,Davis_WWTP,Davis_WWTP,Davis_WWTP,Davis_WWTP,Davis_WWTP,Davis_WWTP,Davis_WWTP,Davis_WWTP,Davis_WWTP,Davis_WWTP,Davis_WWTP
17,Woodland Water Pollution Control Facility,Woodland Water Pollution Control Facility,Woodland Water Pollution Control Facility,Woodland Water Pollution Control Facility,Woodland Water Pollution Control Facility,Woodland Water Pollution Control Facility,Woodland Water Pollution Control Facility,Woodland Water Pollution Control Facility,Woodland Water Pollution Control Facility,Woodland Water Pollution Control Facility,Woodland Water Pollution Control Facility,Woodland Water Pollution Control Facility,Woodland Water Pollution Control Facility,Woodland Water Pollution Control Facility,Woodland Water Pollution Control Facility,Woodland Water Pollution Control Facility,Woodland Water Pollution Control Facility,Woodland Water Pollution Control Facility,Woodland Water Pollution Control Facility,Woodland Water Pollution Control Facility,Woodland Water Pollution Control Facility,Woodland Water Pollution Control Facility,Woodland Water Pollution Control Facility,Woodland Water Pollution Control Facility,Woodland Water Pollution Control Facility,Woodland Water Pollution Control Facility,Woodland Water Pollution Control Facility,Woodland Water Pollution Control Facility,Woodland Water Pollution Control Facility,Woodland Water Pollution Control Facility,Woodland Water Pollution Control Facility,Woodland Water Pollution Control Facility,Woodland Water Pollution Control Facility,Woodland Water Pollution Control Facility,Woodland Water Pollution Control Facility,Woodland Water Pollution Control Facility,Woodland Water Pollution Control Facility,Woodland Water Pollution Control Facility,Woodland Water Pollution Control Facility,Woodland Water Pollution Control Facility,Woodland Water Pollution Control Facility,Woodland Water Pollution Control Facility,Woodland Water Pollution Control Facility,Woodland Water Pollution Control Facility,Woodland Water Pollution Control Facility,Woodland Water Pollution Control Facility,Woodland Water Pollution Control Facility,Woodland Water Pollution Control Facility,Woodland Water Pollution Control Facility,Woodland Water Pollution Control Facility
18,FRSN_CLVS_RWRF,FRSN_CLVS_RWRF,FRSN_CLVS_RWRF,FRSN_CLVS_RWRF,FRSN_CLVS_RWRF,FRSN_CLVS_RWRF,FRSN_CLVS_RWRF,FRSN_CLVS_RWRF,FRSN_CLVS_RWRF,FRSN_CLVS_RWRF,FRSN_CLVS_RWRF,FRSN_CLVS_RWRF,FRSN_CLVS_RWRF,FRSN_CLVS_RWRF,FRSN_CLVS_RWRF,FRSN_CLVS_RWRF,FRSN_CLVS_RWRF,FRSN_CLVS_RWRF,FRSN_CLVS_RWRF,FRSN_CLVS_RWRF,FRSN_CLVS_RWRF,FRSN_CLVS_RWRF,FRSN_CLVS_RWRF,FRSN_CLVS_RWRF,FRSN_CLVS_RWRF,FRSN_CLVS_RWRF,FRSN_CLVS_RWRF,FRSN_CLVS_RWRF,FRSN_CLVS_RWRF,FRSN_CLVS_RWRF,FRSN_CLVS_RWRF,FRSN_CLVS_RWRF,FRSN_CLVS_RWRF,FRSN_CLVS_RWRF,FRSN_CLVS_RWRF,FRSN_CLVS_RWRF,FRSN_CLVS_RWRF,FRSN_CLVS_RWRF,FRSN_CLVS_RWRF,FRSN_CLVS_RWRF,FRSN_CLVS_RWRF,FRSN_CLVS_RWRF,FRSN_CLVS_RWRF,FRSN_CLVS_RWRF,FRSN_CLVS_RWRF,FRSN_CLVS_RWRF,FRSN_CLVS_RWRF,FRSN_CLVS_RWRF,FRSN_CLVS_RWRF,FRSN_CLVS_RWRF
19,LACSD_Jnt,LACSD_Jnt,LACSD_Jnt,LACSD_Jnt,LACSD_Jnt,LACSD_Jnt,LACSD_Jnt,LACSD_Jnt,LACSD_Jnt,LACSD_Jnt,LACSD_Jnt,LACSD_Jnt,LACSD_Jnt,LACSD_Jnt,LACSD_Jnt,LACSD_Jnt,LACSD_Jnt,LACSD_Jnt,LACSD_Jnt,LACSD_Jnt,LACSD_Jnt,LACSD_Jnt,LACSD_Jnt,LACSD_Jnt,LACSD_Jnt,LACSD_Jnt,LACSD_Jnt,LACSD_Jnt,LACSD_Jnt,LACSD_Jnt,LACSD_Jnt,LACSD_Jnt,LACSD_Jnt,LACSD_Jnt,LACSD_Jnt,LACSD_Jnt,LACSD_Jnt,LACSD_Jnt,LACSD_Jnt,LACSD_Jnt,LACSD_Jnt,LACSD_Jnt,LACSD_Jnt,LACSD_Jnt,LACSD_Jnt,LACSD_Jnt,LACSD_Jnt,LACSD_Jnt,LACSD_Jnt,LACSD_Jnt
20,LASAN_Hyp,LASAN_Hyp,LASAN_Hyp,LASAN_Hyp,LASAN_Hyp,LASAN_Hyp,LASAN_Hyp,LASAN_Hyp,LASAN_Hyp,LASAN_Hyp,LASAN_Hyp,LASAN_Hyp,LASAN_Hyp,LASAN_Hyp,LASAN_Hyp,LASAN_Hyp,LASAN_Hyp,LASAN_Hyp,LASAN_Hyp,LASAN_Hyp,LASAN_Hyp,LASAN_Hyp,LASAN_Hyp,LASAN_Hyp,LASAN_Hyp,LASAN_Hyp,LASAN_Hyp,LASAN_Hyp,LASAN_Hyp,LASAN_Hyp,LASAN_Hyp,LASAN_Hyp,LASAN_Hyp,LASAN_Hyp,LASAN_Hyp,LASAN_Hyp,LASAN_Hyp,LASAN_Hyp,LASAN_Hyp,LASAN_Hyp,LASAN_Hyp,LASAN_Hyp,LASAN_Hyp,LASAN_Hyp,LASAN_Hyp,LASAN_Hyp,LASAN_Hyp,LASAN_Hyp,LASAN_Hyp,LASAN_Hyp
21,Lancaster Water Reclamation Plant,Lancaster Water Reclamation Plant,Lancaster Water Reclamation Plant,Lancaster Water Reclamation Plant,Lancaster Water Reclamation Plant,Lancaster Water Reclamation Plant,Lancaster Water Reclamation Plant,Lancaster Water Reclamation Plant,Lancaster Water Reclamation Plant,Lancaster Water Reclamation Plant,Lancaster Water Reclamation Plant,Lancaster Water Reclamation Plant,Lancaster Water Reclamation Plant,Lancaster Water Reclamation Plant,Lancaster Water Reclamation Plant,Lancaster Water Reclamation Plant,Lancaster Water Reclamation Plant,Lancaster Water Reclamation Plant,Lancaster Water Reclamation Plant,Lancaster Water Reclamation Plant,Lancaster Water Reclamation Plant,Lancaster Water Reclamation Plant,Lancaster Water Reclamation Plant,Lancaster Water Reclamation Plant,Lancaster Water Reclamation Plant,Lancaster Water Reclamation Plant,Lancaster Water Reclamation Plant,Lancaster Water Reclamation Plant,Lancaster Water Reclamation Plant,Lancaster Water Reclamation Plant,Lancaster Water Reclamation Plant,Lancaster Water Reclamation Plant,Lancaster Water Reclamation Plant,Lancaster Water Reclamation Plant,Lancaster Water Reclamation Plant,Lancaster Water Reclamation Plant,Lancaster Water Reclamation Plant,Lancaster Water Reclamation Plant,Lancaster Water Reclamation Plant,Lancaster Water Reclamation Plant,Lancaster Water Reclamation Plant,Lancaster Water Reclamation Plant,Lancaster Water Reclamation Plant,Lancaster Water Reclamation Plant,Lancaster Water Reclamation Plant,Lancaster Water Reclamation Plant,Lancaster Water Reclamation Plant,Lancaster Water Reclamation Plant,Lancaster Water Reclamation Plant,Lancaster Water Reclamation Plant
22,LakeCty_SE,LakeCty_SE,LakeCty_SE,LakeCty_SE,LakeCty_SE,LakeCty_SE,LakeCty_SE,LakeCty_SE,LakeCty_SE,LakeCty_SE,LakeCty_SE,LakeCty_SE,LakeCty_SE,LakeCty_SE,LakeCty_SE,LakeCty_SE,LakeCty_SE,LakeCty_SE,LakeCty_SE,LakeCty_SE,LakeCty_SE,LakeCty_SE,LakeCty_SE,LakeCty_SE,LakeCty_SE,LakeCty_SE,LakeCty_SE,LakeCty_SE,LakeCty_SE,LakeCty_SE,LakeCty_SE,LakeCty_SE,LakeCty_SE,LakeCty_SE,LakeCty_SE,LakeCty_SE,LakeCty_SE,LakeCty_SE,LakeCty_SE,LakeCty_SE,LakeCty_SE,LakeCty_SE,LakeCty_SE,LakeCty_SE,LakeCty_SE,LakeCty_SE,LakeCty_SE,LakeCty_SE,LakeCty_SE,LakeCty_SE
23,Lompoc Regional Wastewater Reclamation Plant,Lompoc Regional Wastewater Reclamation Plant,Lompoc Regional Wastewater Reclamation Plant,Lompoc Regional Wastewater Reclamation Plant,Lompoc Regional Wastewater Reclamation Plant,Lompoc Regional Wastewater Reclamation Plant,Lompoc Regional Wastewater Reclamation Plant,Lompoc Regional Wastewater Reclamation Plant,Lompoc Regional Wastewater Reclamation Plant,Lompoc Regional Wastewater Reclamation Plant,Lompoc Regional Wastewater Reclamation Plant,Lompoc Regional Wastewater Reclamation Plant,Lompoc Regional Wastewater Reclamation Plant,Lompoc Regional Wastewater Reclamation Plant,Lompoc Regional Wastewater Reclamation Plant,Lompoc Regional Wastewater Reclamation Plant,Lompoc Regional Wastewater Reclamation Plant,Lompoc Regional Wastewater Reclamation Plant,Lompoc Regional Wastewater Reclamation Plant,Lompoc Regional Wastewater Reclamation Plant,Lompoc Regional Wastewater Reclamation Plant,Lompoc Regional Wastewater Reclamation Plant,Lompoc Regional Wastewater Reclamation Plant,Lompoc Regional Wastewater Reclamation Plant,Lompoc Regional Wastewater Reclamation Plant,Lompoc Regional Wastewater Reclamation Plant,Lompoc Regional Wastewater Reclamation Plant,Lompoc Regional Wastewater Reclamation Plant,Lompoc Regional Wastewater Reclamation Plant,Lompoc Regional Wastewater Reclamation Plant,Lompoc Regional Wastewater Reclamation Plant,Lompoc Regional Wastewater Reclamation Plant,Lompoc Regional Wastewater Reclamation Plant,Lompoc Regional Wastewater Reclamation Plant,Lompoc Regional Wastewater Reclamation Plant,Lompoc Regional Wastewater Reclamation Plant,Lompoc Regional Wastewater Reclamation Plant,Lompoc Regional Wastewater Reclamation Plant,Lompoc Regional Wastewater Reclamation Plant,Lompoc Regional Wastewater Reclamation Plant,Lompoc Regional Wastewater Reclamation Plant,Lompoc Regional Wastewater Reclamation Plant,Lompoc Regional Wastewater Reclamation Plant,Lompoc Regional Wastewater Reclamation Plant,Lompoc Regional Wastewater Reclamation Plant,Lompoc Regional Wastewater Reclamation Plant,Lompoc Regional Wastewater Reclamation Plant,Lompoc Regional Wastewater Reclamation Plant,Lompoc Regional Wastewater Reclamation Plant,Lompoc Regional Wastewater Reclamation Plant
24,Los Banos Wastewater Treatment Plant,Los Banos Wastewater Treatment Plant,Los Banos Wastewater Treatment Plant,Los Banos Wastewater Treatment Plant,Los Banos Wastewater Treatment Plant,Los Banos Wastewater Treatment Plant,Los Banos Wastewater Treatment Plant,Los Banos Wastewater Treatment Plant,Los Banos Wastewater Treatment Plant,Los Banos Wastewater Treatment Plant,Los Banos Wastewater Treatment Plant,Los Banos Wastewater Treatment Plant,Los Banos Wastewater Treatment Plant,Los Banos Wastewater Treatment Plant,Los Banos Wastewater Treatment Plant,Los Banos Wastewater Treatment Plant,Los Banos Wastewater Treatment Plant,Los Banos Wastewater Treatment Plant,Los Banos Wastewater Treatment Plant,Los Banos Wastewater Treatment Plant,Los Banos Wastewater Treatment Plant,Los Banos Wastewater Treatment Plant,Los Banos Wastewater Treatment Plant,Los Banos Wastewater Treatment Plant,Los Banos Wastewater Treatment Plant,Los Banos Wastewater Treatment Plant,Los Banos Wastewater Treatment Plant,Los Banos Wastewater Treatment Plant,Los Banos Wastewater Treatment Plant,Los Banos Wastewater Treatment Plant,Los Banos Wastewater Treatment Plant,Los Banos Wastewater Treatment Plant,Los Banos Wastewater Treatment Plant,Los Banos Wastewater Treatment Plant,Los Banos Wastewater Treatment Plant,Los Banos Wastewater Treatment Plant,Los Banos Wastewater Treatment Plant,Los Banos Wastewater Treatment Plant,Los Banos Wastewater Treatment Plant,Los Banos Wastewater Treatment Plant,Los Banos Wastewater Treatment Plant,Los Banos Wastewater Treatment Plant,Los Banos Wastewater Treatment Plant,Los Banos Wastewater Treatment Plant,Los Banos Wastewater Treatment Plant,Los Banos Wastewater Treatment Plant,Los Banos Wastewater Treatment Plant,Los Banos Wastewater Treatment Plant,Los Banos Wastewater Treatment Plant,Los Banos Wastewater Treatment Plant
25,Merced Wastewater Treatment Plant,Merced Wastewater Treatment Plant,Merced Wastewater Treatment Plant,Merced Wastewater Treatment Plant,Merced Wastewater Treatment Plant,Merced Wastewater Treatment Plant,Merced Wastewater Treatment Plant,Merced Wastewater Treatment Plant,Merced Wastewater Treatment Plant,Merced Wastewater Treatment Plant,Merced Wastewater Treatment Plant,Merced Wastewater Treatment Plant,Merced Wastewater Treatment Plant,Merced Wastewater Treatment Plant,Merced Wastewater Treatment Plant,Merced Wastewater Treatment Plant,Merced Wastewater Treatment Plant,Merced Wastewater Treatment Plant,Merced Wastewater Treatment Plant,Merced Wastewater Treatment Plant,Merced Wastewater Treatment Plant,Merced Wastewater Treatment Plant,Merced Wastewater Treatment Plant,Merced Wastewater Treatment Plant,Merced Wastewater Treatment Plant,Merced Wastewater Treatment Plant,Merced Wastewater Treatment Plant,Merced Wastewater Treatment Plant,Merced Wastewater Treatment Plant,Merced Wastewater Treatment Plant,Merced Wastewater Treatment Plant,Merced Wastewater Treatment Plant,Merced Wastewater Treatment Plant,Merced Wastewater Treatment Plant,Merced Wastewater Treatment Plant,Merced Wastewater Treatment Plant,Merced Wastewater Treatment Plant,Merced Wastewater Treatment Plant,Merced Wastewater Treatment Plant,Merced Wastewater Treatment Plant,Merced Wastewater Treatment Plant,Merced Wastewater Treatment Plant,Merced Wastewater Treatment Plant,Merced Wastewater Treatment Plant,Merced Wastewater Treatment Plant,Merced Wastewater Treatment Plant,Merced Wastewater Treatment Plant,Merced Wastewater Treatment Plant,Merced Wastewater Treatment Plant,Merced Wastewater Treatment Plant
26,Manteca WW Quality Control Facility,Manteca WW Quality Control Facility,Manteca WW Quality Control Facility,Manteca WW Quality Control Facility,Manteca WW Quality Control Facility,Manteca WW Quality Control Facility,Manteca WW Quality Control Facility,Manteca WW Quality Control Facility,Manteca WW Quality Control Facility,Manteca WW Quality Control Facility,Manteca WW Quality Control Facility,Manteca WW Quality Control Facility,Manteca WW Quality Control Facility,Manteca WW Quality Control Facility,Manteca WW Quality Control Facility,Manteca WW Quality Control Facility,Manteca WW Quality Control Facility,Manteca WW Quality Control Facility,Manteca WW Quality Control Facility,Manteca WW Quality Control Facility,Manteca WW Quality Control Facility,Manteca WW Quality Control Facility,Manteca WW Quality Control Facility,Manteca WW Quality Control Facility,Manteca WW Quality Control Facility,Manteca WW Quality Control Facility,Manteca WW Quality Control Facility,Manteca WW Quality Control Facility,Manteca WW Quality Control Facility,Manteca WW Quality Control Facility,Manteca WW Quality Control Facility,Manteca WW Quality Control Facility,Manteca WW Quality Control Facility,Manteca WW Quality Control Facility,Manteca WW Quality Control Facility,Manteca WW Quality Control Facility,Manteca WW Quality Control Facility,Manteca WW Quality Control Facility,Manteca WW Quality Control Facility,Manteca WW Quality Control Facility,Manteca WW Quality Control Facility,Manteca WW Quality Control Facility,Manteca WW Quality Control Facility,Manteca WW Quality Control Facility,Manteca WW Quality Control Facility,Manteca WW Quality Control Facility,Manteca WW Quality Control Facility,Manteca WW Quality Control Facility,Manteca WW Quality Control Facility,Manteca WW Quality Control Facility
27,Stockton Regional WW Control Facility,Stockton Regional WW Control Facility,Stockton Regional WW Control Facility,Stockton Regional WW Control Facility,Stockton Regional WW Control Facility,Stockton Regional WW Control Facility,Stockton Regional WW Control Facility,Stockton Regional WW Control Facility,Stockton Regional WW Control Facility,Stockton Regional WW Control Facility,Stockton Regional WW Control Facility,Stockton Regional WW Control Facility,Stockton Regional WW Control Facility,Stockton Regional WW Control Facility,Stockton Regional WW Control Facility,Stockton Regional WW Control Facility,Stockton Regional WW Control Facility,Stockton Regional WW Control Facility,Stockton Regional WW Control Facility,Stockton Regional WW Control Facility,Stockton Regional WW Control Facility,Stockton Regional WW Control Facility,Stockton Regional WW Control Facility,Stockton Regional WW Control Facility,Stockton Regional WW Control Facility,Stockton Regional WW Control Facility,Stockton Regional WW Control Facility,Stockton Regional WW Control Facility,Stockton Regional WW Control Facility,Stockton Regional WW Control Facility,Stockton Regional WW Control Facility,Stockton Regional WW Control Facility,Stockton Regional WW Control Facility,Stockton Regional WW Control Facility,Stockton Regional WW Control Facility,Stockton Regional WW Control Facility,Stockton Regional WW Control Facility,Stockton Regional WW Control Facility,Stockton Regional WW Control Facility,Stockton Regional WW Control Facility,Stockton Regional WW Control Facility,Stockton Regional WW Control Facility,Stockton Regional WW Control Facility,Stockton Regional WW Control Facility,Stockton Regional WW Control Facility,Stockton Regional WW Control Facility,Stockton Regional WW Control Facility,Stockton Regional WW Control Facility,Stockton Regional WW Control Facility,Stockton Regional WW Control Facility
28,Monterey One Water - Regional Treatment Plant,Monterey One Water - Regional Treatment Plant,Monterey One Water - Regional Treatment Plant,Monterey One Water - Regional Treatment Plant,Monterey One Water - Regional Treatment Plant,Monterey One Water - Regional Treatment Plant,Monterey One Water - Regional Treatment Plant,Monterey One Water - Regional Treatment Plant,Monterey One Water - Regional Treatment Plant,Monterey One Water - Regional Treatment Plant,Monterey One Water - Regional Treatment Plant,Monterey One Water - Regional Treatment Plant,Monterey One Water - Regional Treatment Plant,Monterey One Water - Regional Treatment Plant,Monterey One Water - Regional Treatment Plant,Monterey One Water - Regional Treatment Plant,Monterey One Water - Regional Treatment Plant,Monterey One Water - Regional Treatment Plant,Monterey One Water - Regional Treatment Plant,Monterey One Water - Regional Treatment Plant,Monterey One Water - Regional Treatment Plant,Monterey One Water - Regional Treatment Plant,Monterey One Water - Regional Treatment Plant,Monterey One Water - Regional Treatment Plant,Monterey One Water - Regional Treatment Plant,Monterey One Water - Regional Treatment Plant,Monterey One Water - Regional Treatment Plant,Monterey One Water - Regional Treatment Plant,Monterey One Water - Regional Treatment Plant,Monterey One Water - Regional Treatment Plant,Monterey One Water - Regional Treatment Plant,Monterey One Water - Regional Treatment Plant,Monterey One Water - Regional Treatment Plant,Monterey One Water - Regional Treatment Plant,Monterey One Water - Regional Treatment Plant,Monterey One Water - Regional Treatment Plant,Monterey One Water - Regional Treatment Plant,Monterey One Water - Regional Treatment Plant,Monterey One Water - Regional Treatment Plant,Monterey One Water - Regional Treatment Plant,Monterey One Water - Regional Treatment Plant,Monterey One Water - Regional Treatment Plant,Monterey One Water - Regional Treatment Plant,Monterey One Water - Regional Treatment Plant,Monterey One Water - Regional Treatment Plant,Monterey One Water - Regional Treatment Plant,Monterey One Water - Regional Treatment Plant,Monterey One Water - Regional Treatment Plant,Monterey One Water - Regional Treatment Plant,Monterey One Water - Regional Treatment Plant
29,Oxnard_WWTP,Oxnard_WWTP,Oxnard_WWTP,Oxnard_WWTP,Oxnard_WWTP,Oxnard_WWTP,Oxnard_WWTP,Oxnard_WWTP,Oxnard_WWTP,Oxnard_WWTP,Oxnard_WWTP,Oxnard_WWTP,Oxnard_WWTP,Oxnard_WWTP,Oxnard_WWTP,Oxnard_WWTP,Oxnard_WWTP,Oxnard_WWTP,Oxnard_WWTP,Oxnard_WWTP,Oxnard_WWTP,Oxnard_WWTP,Oxnard_WWTP,Oxnard_WWTP,Oxnard_WWTP,Oxnard_WWTP,Oxnard_WWTP,Oxnard_WWTP,Oxnard_WWTP,Oxnard_WWTP,Oxnard_WWTP,Oxnard_WWTP,Oxnard_WWTP,Oxnard_WWTP,Oxnard_WWTP,Oxnard_WWTP,Oxnard_WWTP,Oxnard_WWTP,Oxnard_WWTP,Oxnard_WWTP,Oxnard_WWTP,Oxnard_WWTP,Oxnard_WWTP,Oxnard_WWTP,Oxnard_WWTP,Oxnard_WWTP,Oxnard_WWTP,Oxnard_WWTP,Oxnard_WWTP,Oxnard_WWTP
30,Valley Sanitary District,Valley Sanitary District,Valley Sanitary District,Valley Sanitary District,Valley Sanitary District,Valley Sanitary District,Valley Sanitary District,Valley Sanitary District,Valley Sanitary District,Valley Sanitary District,Valley Sanitary District,Valley Sanitary District,Valley Sanitary District,Valley Sanitary District,Valley Sanitary District,Valley Sanitary District,Valley Sanitary District,Valley Sanitary District,Valley Sanitary District,Valley Sanitary District,Valley Sanitary District,Valley Sanitary District,Valley Sanitary District,Valley Sanitary District,Valley Sanitary District,Valley Sanitary District,Valley Sanitary District,Valley Sanitary District,Valley Sanitary District,Valley Sanitary District,Valley Sanitary District,Valley Sanitary District,Valley Sanitary District,Valley Sanitary District,Valley Sanitary District,Valley Sanitary District,Valley Sanitary District,Valley Sanitary District,Valley Sanitary District,Valley Sanitary District,Valley Sanitary District,Valley Sanitary District,Valley Sanitary District,Valley Sanitary District,Valley Sanitary District,Valley Sanitary District,Valley Sanitary District,Valley Sanitary District,Valley Sanitary District,Valley Sanitary District
31,SDPU_PtLom,SDPU_PtLom,SDPU_PtLom,SDPU_PtLom,SDPU_PtLom,SDPU_PtLom,SDPU_PtLom,SDPU_PtLom,SDPU_PtLom,SDPU_PtLom,SDPU_PtLom,SDPU_PtLom,SDPU_PtLom,SDPU_PtLom,SDPU_PtLom,SDPU_PtLom,SDPU_PtLom,SDPU_PtLom,SDPU_PtLom,SDPU_PtLom,SDPU_PtLom,SDPU_PtLom,SDPU_PtLom,SDPU_PtLom,SDPU_PtLom,SDPU_PtLom,SDPU_PtLom,SDPU_PtLom,SDPU_PtLom,SDPU_PtLom,SDPU_PtLom,SDPU_PtLom,SDPU_PtLom,SDPU_PtLom,SDPU_PtLom,SDPU_PtLom,SDPU_PtLom,SDPU_PtLom,SDPU_PtLom,SDPU_PtLom,SDPU_PtLom,SDPU_PtLom,SDPU_PtLom,SDPU_PtLom,SDPU_PtLom,SDPU_PtLom,SDPU_PtLom,SDPU_PtLom,SDPU_PtLom,SDPU_PtLom
32,SFPUC_Ocean,SFPUC_Ocean,SFPUC_Ocean,SFPUC_Ocean,SFPUC_Ocean,SFPUC_Ocean,SFPUC_Ocean,SFPUC_Ocean,SFPUC_Ocean,SFPUC_Ocean,SFPUC_Ocean,SFPUC_Ocean,SFPUC_Ocean,SFPUC_Ocean,SFPUC_Ocean,SFPUC_Ocean,SFPUC_Ocean,SFPUC_Ocean,SFPUC_Ocean,SFPUC_Ocean,SFPUC_Ocean,SFPUC_Ocean,SFPUC_Ocean,SFPUC_Ocean,SFPUC_Ocean,SFPUC_Ocean,SFPUC_Ocean,SFPUC_Ocean,SFPUC_Ocean,SFPUC_Ocean,SFPUC_Ocean,SFPUC_Ocean,SFPUC_Ocean,SFPUC_Ocean,SFPUC_Ocean,SFPUC_Ocean,SFPUC_Ocean,SFPUC_Ocean,SFPUC_Ocean,SFPUC_Ocean,SFPUC_Ocean,SFPUC_Ocean,SFPUC_Ocean,SFPUC_Ocean,SFPUC_Ocean,SFPUC_Ocean,SFPUC_Ocean,SFPUC_Ocean,SFPUC_Ocean,SFPUC_Ocean
33,SFPUC_SE,SFPUC_SE,SFPUC_SE,SFPUC_SE,SFPUC_SE,SFPUC_SE,SFPUC_SE,SFPUC_SE,SFPUC_SE,SFPUC_SE,SFPUC_SE,SFPUC_SE,SFPUC_SE,SFPUC_SE,SFPUC_SE,SFPUC_SE,SFPUC_SE,SFPUC_SE,SFPUC_SE,SFPUC_SE,SFPUC_SE,SFPUC_SE,SFPUC_SE,SFPUC_SE,SFPUC_SE,SFPUC_SE,SFPUC_SE,SFPUC_SE,SFPUC_SE,SFPUC_SE,SFPUC_SE,SFPUC_SE,SFPUC_SE,SFPUC_SE,SFPUC_SE,SFPUC_SE,SFPUC_SE,SFPUC_SE,SFPUC_SE,SFPUC_SE,SFPUC_SE,SFPUC_SE,SFPUC_SE,SFPUC_SE,SFPUC_SE,SFPUC_SE,SFPUC_SE,SFPUC_SE,SFPUC_SE,SFPUC_SE
34,SRCSD,SRCSD,SRCSD,SRCSD,SRCSD,SRCSD,SRCSD,SRCSD,SRCSD,SRCSD,SRCSD,SRCSD,SRCSD,SRCSD,SRCSD,SRCSD,SRCSD,SRCSD,SRCSD,SRCSD,SRCSD,SRCSD,SRCSD,SRCSD,SRCSD,SRCSD,SRCSD,SRCSD,SRCSD,SRCSD,SRCSD,SRCSD,SRCSD,SRCSD,SRCSD,SRCSD,SRCSD,SRCSD,SRCSD,SRCSD,SRCSD,SRCSD,SRCSD,SRCSD,SRCSD,SRCSD,SRCSD,SRCSD,SRCSD,SRCSD
35,SantaClara_SJ,SantaClara_SJ,SantaClara_SJ,SantaClara_SJ,SantaClara_SJ,SantaClara_SJ,SantaClara_SJ,SantaClara_SJ,SantaClara_SJ,SantaClara_SJ,SantaClara_SJ,SantaClara_SJ,SantaClara_SJ,SantaClara_SJ,SantaClara_SJ,SantaClara_SJ,SantaClara_SJ,SantaClara_SJ,SantaClara_SJ,SantaClara_SJ,SantaClara_SJ,SantaClara_SJ,SantaClara_SJ,SantaClara_SJ,SantaClara_SJ,SantaClara_SJ,SantaClara_SJ,SantaClara_SJ,SantaClara_SJ,SantaClara_SJ,SantaClara_SJ,SantaClara_SJ,SantaClara_SJ,SantaClara_SJ,SantaClara_SJ,SantaClara_SJ,SantaClara_SJ,SantaClara_SJ,SantaClara_SJ,SantaClara_SJ,SantaClara_SJ,SantaClara_SJ,SantaClara_SJ,SantaClara_SJ,SantaClara_SJ,SantaClara_SJ,SantaClara_SJ,SantaClara_SJ,SantaClara_SJ,SantaClara_SJ
36,SantaClara_Sun,SantaClara_Sun,SantaClara_Sun,SantaClara_Sun,SantaClara_Sun,SantaClara_Sun,SantaClara_Sun,SantaClara_Sun,SantaClara_Sun,SantaClara_Sun,SantaClara_Sun,SantaClara_Sun,SantaClara_Sun,SantaClara_Sun,SantaClara_Sun,SantaClara_Sun,SantaClara_Sun,SantaClara_Sun,SantaClara_Sun,SantaClara_Sun,SantaClara_Sun,SantaClara_Sun,SantaClara_Sun,SantaClara_Sun,SantaClara_Sun,SantaClara_Sun,SantaClara_Sun,SantaClara_Sun,SantaClara_Sun,SantaClara_Sun,SantaClara_Sun,SantaClara_Sun,SantaClara_Sun,SantaClara_Sun,SantaClara_Sun,SantaClara_Sun,SantaClara_Sun,SantaClara_Sun,SantaClara_Sun,SantaClara_Sun,SantaClara_Sun,SantaClara_Sun,SantaClara_Sun,SantaClara_Sun,SantaClara_Sun,SantaClara_Sun,SantaClara_Sun,SantaClara_Sun,SantaClara_Sun,SantaClara_Sun
